Model,Corr,Rseq,RMSE,Accuracy,Topsis Score,Rank
M1,0.79,0.62,1.25,60.89,0.3083985775058353,4
M2,0.66,0.44,2.89,63.07,0.7420268705593408,1
M3,0.56,0.31,1.57,62.87,0.5003289688786069,3
M4,0.82,0.67,2.68,70.19,0.5345306973704207,2
M5,0.75,0.56,1.3,80.39,0.2602367302028163,5
