Model,Corr,Rseq,RMSE,Accuracy,Topsis Score,Rank
M1,0.79,0.62,1.25,60.89,0.9131029279386089,1
M2,0.66,0.44,2.89,63.07,0.28891403852315617,5
M3,0.56,0.31,1.57,62.87,0.47009025816431144,4
M4,0.82,0.67,2.68,70.19,0.5256016038384693,3
M5,0.75,0.56,1.3,80.39,0.718988555510843,2
